Date,Close/Last,Volume,Open,High,Low
10/04/2023,1.3712,N/A,1.3744,1.3756,1.3711
10/03/2023,1.3716,N/A,1.3708,1.372,1.3699
10/02/2023,1.3695,N/A,1.3676,1.37,1.3662
10/01/2023,1.3582,N/A,1.3577,1.3582,1.3562
09/29/2023,1.3577,N/A,1.3486,1.3585,1.3417
09/28/2023,1.3483,N/A,1.3486,1.3507,1.3475
09/27/2023,1.3492,N/A,1.3492,1.3505,1.3482
09/26/2023,1.3518,N/A,1.3515,1.3526,1.3501
09/25/2023,1.3477,N/A,1.3454,1.348,1.3449
09/24/2023,1.3487,N/A,1.3483,1.3491,1.347
09/22/2023,1.3483,N/A,1.3483,1.3492,1.3424
09/21/2023,1.3466,N/A,1.3483,1.3486,1.346
09/20/2023,1.3491,N/A,1.346,1.3501,1.3453
09/19/2023,1.3463,N/A,1.3448,1.3465,1.3442
09/18/2023,1.3478,N/A,1.3485,1.3491,1.3477
09/17/2023,1.3518,N/A,1.3523,1.3529,1.3513
09/15/2023,1.3524,N/A,1.3508,1.355,1.3494
09/14/2023,1.3502,N/A,1.3508,1.3518,1.3497
09/13/2023,1.3536,N/A,1.3546,1.3556,1.3531
09/12/2023,1.3563,N/A,1.3553,1.3567,1.3548
09/11/2023,1.3573,N/A,1.357,1.3594,1.357
09/10/2023,1.3622,N/A,1.364,1.364,1.3618
09/08/2023,1.364,N/A,1.3681,1.369,1.3608
09/07/2023,1.3668,N/A,1.3681,1.369,1.3666
09/06/2023,1.3643,N/A,1.3635,1.3651,1.3635
09/05/2023,1.3643,N/A,1.3643,1.3657,1.3632
09/04/2023,1.3615,N/A,1.359,1.3618,1.3587
09/03/2023,1.3586,N/A,1.3594,1.3601,1.3584
09/01/2023,1.3595,N/A,1.3507,1.3614,1.349
08/31/2023,1.3512,N/A,1.3507,1.3518,1.349
08/30/2023,1.3539,N/A,1.3531,1.3541,1.3521
08/29/2023,1.3565,N/A,1.3553,1.3574,1.3552
08/28/2023,1.359,N/A,1.3597,1.3606,1.3587
08/27/2023,1.3592,N/A,1.3602,1.3601,1.3584
08/25/2023,1.3606,N/A,1.3579,1.364,1.3569
08/24/2023,1.3601,N/A,1.3579,1.3601,1.3578
08/23/2023,1.352,N/A,1.3525,1.3533,1.3514
08/22/2023,1.354,N/A,1.355,1.3556,1.3533
08/21/2023,1.354,N/A,1.3543,1.3555,1.3535
08/20/2023,1.3546,N/A,1.3546,1.3555,1.3535
08/18/2023,1.3552,N/A,1.3545,1.3575,1.3525
08/17/2023,1.3546,N/A,1.3545,1.3549,1.3525
08/16/2023,1.3536,N/A,1.3535,1.3553,1.3522
08/15/2023,1.35,N/A,1.3497,1.3511,1.349
08/14/2023,1.3445,N/A,1.3459,1.3471,1.3442
08/13/2023,1.3466,N/A,1.3438,1.347,1.3438
08/11/2023,1.3447,N/A,1.3445,1.3466,1.3412
08/10/2023,1.3442,N/A,1.3445,1.345,1.3427
08/09/2023,1.3413,N/A,1.3418,1.3427,1.3408
08/08/2023,1.342,N/A,1.342,1.3431,1.3411
08/07/2023,1.3392,N/A,1.3367,1.3399,1.3365
08/06/2023,1.3373,N/A,1.3373,1.3385,1.3368
08/04/2023,1.3384,N/A,1.335,1.3395,1.3319
08/03/2023,1.335,N/A,1.335,1.3362,1.3335
08/02/2023,1.3355,N/A,1.3348,1.3356,1.3334
08/01/2023,1.3291,N/A,1.3279,1.3297,1.3266
07/31/2023,1.3221,N/A,1.3187,1.3223,1.3184
07/30/2023,1.3251,N/A,1.3253,1.3262,1.3238
07/28/2023,1.3253,N/A,1.3225,1.3253,1.3202
07/27/2023,1.3236,N/A,1.3225,1.324,1.3219
07/26/2023,1.3178,N/A,1.3207,1.3213,1.3163
07/25/2023,1.3186,N/A,1.3166,1.3202,1.3168
07/24/2023,1.3157,N/A,1.3166,1.3178,1.3153
07/23/2023,1.322,N/A,1.3222,1.3229,1.3212
07/21/2023,1.3223,N/A,1.3223,1.3226,1.3153
07/20/2023,1.3169,N/A,1.3172,1.318,1.3161
07/19/2023,1.314,N/A,1.3164,1.3168,1.3133
07/18/2023,1.3173,N/A,1.3167,1.318,1.3162
07/17/2023,1.3188,N/A,1.3196,1.3205,1.3186
07/16/2023,1.3224,N/A,1.3216,1.3233,1.3213
07/14/2023,1.3215,N/A,1.3109,1.3227,1.3093
07/13/2023,1.3095,N/A,1.3109,1.3118,1.3093
07/12/2023,1.3177,N/A,1.3177,1.3195,1.3174
07/11/2023,1.3206,N/A,1.323,1.3233,1.32
07/10/2023,1.3262,N/A,1.3279,1.3282,1.3253
07/09/2023,1.3292,N/A,1.3271,1.3295,1.3273
07/07/2023,1.3278,N/A,1.3367,1.3387,1.3266
07/06/2023,1.3365,N/A,1.3367,1.3374,1.336
07/05/2023,1.3295,N/A,1.3278,1.3296,1.3278
07/04/2023,1.3231,N/A,1.3222,1.3235,1.322
07/03/2023,1.3249,N/A,1.3247,1.3257,1.3244
07/02/2023,1.3241,N/A,1.3236,1.3258,1.3236
06/30/2023,1.3249,N/A,1.3249,1.3284,1.3207
06/29/2023,1.3243,N/A,1.3249,1.3261,1.3241
06/28/2023,1.3271,N/A,1.3256,1.3273,1.3243
06/27/2023,1.3208,N/A,1.319,1.3216,1.319
06/26/2023,1.3125,N/A,1.3153,1.3156,1.3122
06/25/2023,1.31601,N/A,1.31601,1.3184,1.3153
06/23/2023,1.31845,N/A,1.31845,1.3226,1.3143
06/22/2023,1.31855,N/A,1.31855,1.3189,1.3143
06/21/2023,1.31542,N/A,1.31542,1.3177,1.3151
06/20/2023,1.3219,N/A,1.3219,1.3243,1.3217
06/19/2023,1.3218,N/A,1.3218,1.3232,1.3206
06/18/2023,1.32279,N/A,1.32279,1.3229,1.3188
06/16/2023,1.3198,N/A,1.3198,1.324,1.3178
06/15/2023,1.32309,N/A,1.32309,1.324,1.3216
06/14/2023,1.33443,N/A,1.33443,1.3355,1.3321
06/13/2023,1.33082,N/A,1.33082,1.3321,1.3304
06/12/2023,1.33566,N/A,1.33566,1.3379,1.3355
06/11/2023,1.33491,N/A,1.33491,1.3358,1.3336
06/09/2023,1.334,N/A,1.334,1.3371,1.3314
06/08/2023,1.3367,N/A,1.3367,1.337,1.3353
06/07/2023,1.3361,N/A,1.3361,1.3379,1.3351
06/06/2023,1.34034,N/A,1.34034,1.3412,1.3388
06/05/2023,1.34311,N/A,1.34311,1.3451,1.3419
06/04/2023,1.34365,N/A,1.34365,1.344,1.3418
06/02/2023,1.34295,N/A,1.34295,1.346,1.3407
06/01/2023,1.3428,N/A,1.3428,1.346,1.3428
05/31/2023,1.35665,N/A,1.35665,1.3583,1.3563
05/30/2023,1.36361,N/A,1.36361,1.3641,1.3599
05/29/2023,1.3605,N/A,1.3605,1.3623,1.3568
05/28/2023,1.3606,N/A,1.3606,1.3623,1.3595
05/26/2023,1.3615,N/A,1.3615,1.3655,1.3601
05/25/2023,1.364,N/A,1.364,1.3655,1.3632
05/24/2023,1.3609,N/A,1.3609,1.3614,1.3588
05/23/2023,1.35071,N/A,1.35071,1.3512,1.3496
05/22/2023,1.34934,N/A,1.34934,1.3513,1.3486
05/21/2023,1.34966,N/A,1.34966,1.3508,1.3486
05/19/2023,1.35085,N/A,1.35085,1.3523,1.3469
05/18/2023,1.3494,N/A,1.3494,1.3513,1.3485
05/17/2023,1.3463,N/A,1.3463,1.3472,1.3451
05/16/2023,1.3468,N/A,1.3468,1.3485,1.3462
05/15/2023,1.34668,N/A,1.34668,1.3482,1.3462
05/14/2023,1.3552,N/A,1.3548,1.3568,1.3547
05/12/2023,1.3558,N/A,1.3491,1.3565,1.3479
05/11/2023,1.3489,N/A,1.3491,1.3497,1.3483
05/10/2023,1.338,N/A,1.337,1.3386,1.3363
05/09/2023,1.3383,N/A,1.3387,1.3389,1.3374
05/08/2023,1.3373,N/A,1.3372,1.3377,1.3366
05/07/2023,1.3376,N/A,1.3373,1.3389,1.337
05/05/2023,1.3376,N/A,1.3537,1.3543,1.3371
05/04/2023,1.3507,N/A,1.3537,1.3543,1.3506
05/03/2023,1.3594,N/A,1.3615,1.3633,1.359
05/02/2023,1.3615,N/A,1.3625,1.3632,1.3611
05/01/2023,1.3548,N/A,1.3542,1.3556,1.3537
04/30/2023,1.3552,N/A,1.355,1.3564,1.3534
04/28/2023,1.3547,N/A,1.3591,1.3668,1.3536
04/27/2023,1.3606,N/A,1.3591,1.3608,1.3591
04/26/2023,1.3639,N/A,1.3635,1.3646,1.3627
04/25/2023,1.3638,N/A,1.3625,1.3638,1.3617
04/24/2023,1.3546,N/A,1.3539,1.3548,1.3525
04/23/2023,1.3554,N/A,1.3539,1.3556,1.3534
04/21/2023,1.354,N/A,1.3474,1.3563,1.3473
04/20/2023,1.3499,N/A,1.3474,1.3501,1.3473
04/19/2023,1.3472,N/A,1.346,1.3474,1.3452
04/18/2023,1.3397,N/A,1.3387,1.3405,1.3385
04/17/2023,1.3387,N/A,1.3392,1.3399,1.338
04/16/2023,1.3363,N/A,1.3361,1.3376,1.3358
04/14/2023,1.3361,N/A,1.3334,1.3396,1.3302
04/13/2023,1.3322,N/A,1.3334,1.3344,1.3318
04/12/2023,1.3436,N/A,1.3438,1.3448,1.3428
04/11/2023,1.3462,N/A,1.3466,1.347,1.3458
04/10/2023,1.3495,N/A,1.3506,1.3517,1.349
04/09/2023,1.3514,N/A,1.3507,1.3523,1.3501
04/07/2023,1.3509,N/A,1.3492,1.353,1.3483
04/06/2023,1.3489,N/A,1.3492,1.3499,1.3483
04/05/2023,1.3485,N/A,1.3458,1.3486,1.3447
04/04/2023,1.3446,N/A,1.3439,1.3448,1.3427
04/03/2023,1.3438,N/A,1.3435,1.3444,1.3424
04/02/2023,1.3518,N/A,1.3515,1.3525,1.3489
03/31/2023,1.3516,N/A,1.352,1.3565,1.3507
03/30/2023,1.3525,N/A,1.352,1.3529,1.3507
03/29/2023,1.3575,N/A,1.3555,1.3582,1.3556
03/28/2023,1.3603,N/A,1.3598,1.3606,1.3588
03/27/2023,1.3638,N/A,1.366,1.3665,1.3635
03/26/2023,1.3727,N/A,1.3744,1.3744,1.3724
03/24/2023,1.3744,N/A,1.3713,1.3805,1.3708
03/23/2023,1.3726,N/A,1.3713,1.3736,1.3708
03/22/2023,1.3676,N/A,1.3727,1.3735,1.3664
03/21/2023,1.37,N/A,1.3713,1.3719,1.37
03/20/2023,1.3681,N/A,1.3664,1.3685,1.3663
03/19/2023,1.3721,N/A,1.3727,1.3726,1.3686
03/17/2023,1.3728,N/A,1.3718,1.3773,1.3678
03/16/2023,1.3692,N/A,1.3718,1.3736,1.3685
03/15/2023,1.3754,N/A,1.3767,1.3771,1.374
03/14/2023,1.3674,N/A,1.3684,1.3696,1.366
03/13/2023,1.373,N/A,1.3724,1.3749,1.3723
03/12/2023,1.3721,N/A,1.3827,1.3817,1.3712
03/10/2023,1.3826,N/A,1.3827,1.3861,1.3763
03/09/2023,1.3836,N/A,1.3827,1.3848,1.3821
03/08/2023,1.3804,N/A,1.3804,1.3817,1.3797
03/07/2023,1.3764,N/A,1.3751,1.3773,1.3746
03/06/2023,1.3607,N/A,1.3612,1.3619,1.36
03/05/2023,1.3599,N/A,1.3593,1.3614,1.3585
03/03/2023,1.36,N/A,1.3594,1.3645,1.3556
03/02/2023,1.359,N/A,1.3594,1.3601,1.3576
03/01/2023,1.3609,N/A,1.3594,1.3627,1.3582
02/28/2023,1.3622,N/A,1.3645,1.3659,1.362
02/27/2023,1.3585,N/A,1.3575,1.3586,1.3568
02/26/2023,1.3619,N/A,1.3609,1.3619,1.3592
02/24/2023,1.3609,N/A,1.3547,1.3664,1.3527
02/23/2023,1.3542,N/A,1.3547,1.3549,1.3527
02/22/2023,1.3524,N/A,1.3549,1.3557,1.3519
02/21/2023,1.3544,N/A,1.3537,1.3547,1.3527
02/20/2023,1.3474,N/A,1.3451,1.3481,1.3447
02/19/2023,1.3478,N/A,1.347,1.3495,1.3471
02/17/2023,1.3474,N/A,1.3456,1.3537,1.3448
02/16/2023,1.3488,N/A,1.3456,1.349,1.3448
02/15/2023,1.3391,N/A,1.3334,1.3398,1.3334
02/14/2023,1.3363,N/A,1.3334,1.3368,1.3334
02/13/2023,1.3333,N/A,1.333,1.3354,1.3331
02/12/2023,1.3377,N/A,1.3344,1.338,1.3346
02/10/2023,1.3347,N/A,1.3451,1.3472,1.3339
02/09/2023,1.3469,N/A,1.3451,1.3472,1.3445
02/08/2023,1.3436,N/A,1.3444,1.346,1.3435
02/07/2023,1.3395,N/A,1.3398,1.3408,1.339
02/06/2023,1.343,N/A,1.3446,1.345,1.3403
02/03/2023,1.3402,N/A,1.3315,1.3426,1.3313
02/02/2023,1.3329,N/A,1.3315,1.334,1.3313
02/01/2023,1.3276,N/A,1.3287,1.3293,1.3263
01/31/2023,1.3308,N/A,1.3305,1.3325,1.3299
01/30/2023,1.3411,N/A,1.3384,1.3415,1.3378
01/27/2023,1.331,N/A,1.332,1.3347,1.33
01/26/2023,1.3339,N/A,1.332,1.3343,1.3312
01/25/2023,1.3399,N/A,1.3392,1.3408,1.3381
01/24/2023,1.3353,N/A,1.337,1.3381,1.3348
01/23/2023,1.3367,N/A,1.3366,1.3376,1.3352
01/22/2023,1.3377,N/A,1.338,1.3388,1.3356
01/20/2023,1.338,N/A,1.346,1.3497,1.3374
01/19/2023,1.3464,N/A,1.346,1.347,1.3446
01/18/2023,1.3496,N/A,1.3491,1.3519,1.3487
01/17/2023,1.3381,N/A,1.3388,1.341,1.338
01/16/2023,1.3403,N/A,1.3407,1.3421,1.3394
01/15/2023,1.3363,N/A,1.3396,1.3401,1.3353
01/13/2023,1.3398,N/A,1.3362,1.344,1.3322
01/12/2023,1.3388,N/A,1.3362,1.3396,1.3359
01/11/2023,1.3427,N/A,1.3422,1.3437,1.3417
01/10/2023,1.3432,N/A,1.3423,1.3442,1.3415
01/09/2023,1.3395,N/A,1.3387,1.3411,1.3376
01/08/2023,1.3403,N/A,1.3442,1.345,1.3403
01/06/2023,1.3445,N/A,1.3569,1.3665,1.3434
01/05/2023,1.3559,N/A,1.3569,1.3576,1.3538
01/04/2023,1.3504,N/A,1.3476,1.3517,1.347
01/03/2023,1.3639,N/A,1.3669,1.368,1.3635
01/02/2023,1.3549,N/A,1.3572,1.3619,1.3542
01/01/2023,1.3527,N/A,1.3549,1.3556,1.3524
12/30/2022,1.3547,N/A,1.3546,1.3582,1.3514
12/29/2022,1.3555,N/A,1.3546,1.3559,1.3542
12/28/2022,1.3586,N/A,1.3608,1.3612,1.3585
12/27/2022,1.3533,N/A,1.3522,1.3585,1.3484
12/26/2022,1.3558,N/A,1.3583,1.3585,1.3548
12/25/2022,1.3597,N/A,1.3598,1.3617,1.3586
12/23/2022,1.3596,N/A,1.3646,1.3664,1.3563
12/22/2022,1.3634,N/A,1.3646,1.3664,1.3624
12/21/2022,1.3584,N/A,1.3609,1.3621,1.3582
12/20/2022,1.3619,N/A,1.3609,1.362,1.3589
12/19/2022,1.368,N/A,1.3642,1.3682,1.3616
12/18/2022,1.367,N/A,1.37,1.3691,1.3645
12/16/2022,1.3699,N/A,1.3658,1.3706,1.3618
12/15/2022,1.3638,N/A,1.3658,1.3668,1.3618
12/14/2022,1.3561,N/A,1.3548,1.3574,1.3541
12/13/2022,1.3571,N/A,1.3549,1.3575,1.3542
12/12/2022,1.363,N/A,1.3635,1.3644,1.3614
12/11/2022,1.3653,N/A,1.365,1.3675,1.3633
12/09/2022,1.3646,N/A,1.3595,1.369,1.357
12/08/2022,1.3588,N/A,1.3595,1.3607,1.357
12/07/2022,1.3679,N/A,1.3651,1.369,1.3647
12/06/2022,1.365,N/A,1.3651,1.3659,1.3632
12/05/2022,1.359,N/A,1.3588,1.3594,1.3571
12/04/2022,1.3399,N/A,1.3468,1.3475,1.3385
12/02/2022,1.3472,N/A,1.3432,1.3518,1.3421
12/01/2022,1.3443,N/A,1.3432,1.3453,1.3423
11/30/2022,1.3419,N/A,1.3409,1.3429,1.3404
11/29/2022,1.3569,N/A,1.3578,1.3594,1.3563
11/28/2022,1.343,N/A,1.3497,1.3499,1.343
11/27/2022,1.3443,N/A,1.3377,1.3474,1.339
11/25/2022,1.3378,N/A,1.3337,1.3398,1.3317
11/24/2022,1.3322,N/A,1.3337,1.335,1.3317
11/23/2022,1.3334,N/A,1.3351,1.3357,1.3328
11/22/2022,1.3388,N/A,1.3375,1.3391,1.3357
11/21/2022,1.3428,N/A,1.3447,1.3457,1.342
11/18/2022,1.3385,N/A,1.3326,1.3409,1.33
11/17/2022,1.3327,N/A,1.3326,1.3331,1.3324
11/16/2022,1.3329,N/A,1.3327,1.333,1.3322
11/15/2022,1.3298,N/A,1.3277,1.3305,1.3269
11/14/2022,1.3312,N/A,1.3311,1.3326,1.33
11/13/2022,1.3267,N/A,1.3254,1.3309,1.324
11/11/2022,1.3253,N/A,1.3318,1.3361,1.3236
11/10/2022,1.3329,N/A,1.3318,1.3361,1.3318
11/09/2022,1.3535,N/A,1.3526,1.3549,1.3515
11/08/2022,1.3441,N/A,1.3426,1.3448,1.3414
11/07/2022,1.3512,N/A,1.3496,1.3513,1.3476
11/06/2022,1.3521,N/A,1.3478,1.3545,1.3499
11/04/2022,1.3483,N/A,1.3745,1.3751,1.347
11/03/2022,1.3699,N/A,1.3745,1.3751,1.3695
11/02/2022,1.3695,N/A,1.371,1.3725,1.3684
11/01/2022,1.3598,N/A,1.3629,1.3637,1.3591
10/31/2022,1.3592,N/A,1.3622,1.3631,1.3578
10/30/2022,1.3611,N/A,1.36,1.3629,1.3601
10/28/2022,1.3606,N/A,1.3563,1.3635,1.3526
10/27/2022,1.3535,N/A,1.3563,1.3571,1.3526
10/26/2022,1.3559,N/A,1.3551,1.358,1.3544
10/25/2022,1.3603,N/A,1.3606,1.364,1.36
10/24/2022,1.3699,N/A,1.3704,1.3716,1.3679
10/23/2022,1.3695,N/A,1.3638,1.3697,1.3606
10/21/2022,1.3645,N/A,1.3763,1.3855,1.363
10/20/2022,1.3783,N/A,1.3763,1.3793,1.3764
10/19/2022,1.3803,N/A,1.3764,1.3807,1.3759
10/18/2022,1.3738,N/A,1.3738,1.3745,1.3719
10/17/2022,1.3699,N/A,1.3709,1.3737,1.3698
10/16/2022,1.3833,N/A,1.388,1.388,1.3822
10/14/2022,1.3881,N/A,1.375,1.3898,1.3705
10/13/2022,1.372,N/A,1.375,1.377,1.371
10/12/2022,1.3817,N/A,1.3814,1.3824,1.38
10/11/2022,1.3817,N/A,1.3796,1.383,1.3781
10/10/2022,1.3832,N/A,1.3775,1.3834,1.377
10/09/2022,1.3734,N/A,1.3737,1.3754,1.3718
10/07/2022,1.3735,N/A,1.3747,1.376,1.3677
10/06/2022,1.3735,N/A,1.3747,1.375,1.3724
10/05/2022,1.358,N/A,1.3614,1.3622,1.3564
10/04/2022,1.3529,N/A,1.3511,1.3543,1.3504
10/03/2022,1.3603,N/A,1.3622,1.3653,1.3602
10/02/2022,1.3762,N/A,1.3826,1.383,1.3736
09/30/2022,1.3829,N/A,1.3677,1.3839,1.3658
09/29/2022,1.3714,N/A,1.3677,1.3718,1.3667
09/28/2022,1.3653,N/A,1.3605,1.3671,1.3605
09/27/2022,1.3768,N/A,1.3721,1.3788,1.3715
09/26/2022,1.3696,N/A,1.3732,1.3742,1.368
09/25/2022,1.363,N/A,1.3589,1.3633,1.356
09/23/2022,1.359,N/A,1.3487,1.3613,1.3468
09/22/2022,1.3491,N/A,1.3487,1.3491,1.3468
09/21/2022,1.351,N/A,1.3464,1.3534,1.3358
09/20/2022,1.3369,N/A,1.3362,1.3376,1.3358
09/19/2022,1.3245,N/A,1.3248,1.3262,1.3228
09/18/2022,1.3282,N/A,1.326,1.3291,1.325
09/16/2022,1.3264,N/A,1.3227,1.3308,1.3227
09/15/2022,1.3241,N/A,1.3227,1.3253,1.3227
09/14/2022,1.3167,N/A,1.3163,1.3175,1.3154
09/13/2022,1.3171,N/A,1.3167,1.3181,1.3157
09/12/2022,1.2984,N/A,1.2991,1.2994,1.2975
09/11/2022,1.3028,N/A,1.3026,1.305,1.3011
09/09/2022,1.3021,N/A,1.3091,1.3099,1.2982
09/08/2022,1.3034,N/A,1.3091,1.3099,1.3029
09/07/2022,1.3132,N/A,1.3125,1.3139,1.3112
09/06/2022,1.3196,N/A,1.3152,1.3198,1.315
09/05/2022,1.3119,N/A,1.3141,1.3151,1.3096
09/04/2022,1.3149,N/A,1.3132,1.3162,1.3129
09/02/2022,1.3125,N/A,1.3152,1.317,1.3075
09/01/2022,1.3156,N/A,1.3152,1.3164,1.314
08/31/2022,1.3169,N/A,1.3127,1.3169,1.3127
08/30/2022,1.308,N/A,1.3092,1.3097,1.3078
08/29/2022,1.3012,N/A,1.3011,1.3025,1.2997
08/28/2022,1.3057,N/A,1.3033,1.3074,1.3031
08/26/2022,1.3032,N/A,1.2924,1.3044,1.2905
08/25/2022,1.2936,N/A,1.2965,1.2976,1.2936
08/24/2022,1.295,N/A,1.2965,1.2976,1.2946
08/23/2022,1.2986,N/A,1.2952,1.2986,1.2953
08/22/2022,1.3026,N/A,1.3057,1.3059,1.3025
08/19/2022,1.2992,N/A,1.2947,1.301,1.2943
08/18/2022,1.2954,N/A,1.2947,1.2967,1.2943
08/17/2022,1.2925,N/A,1.2909,1.2928,1.2909
08/16/2022,1.2851,N/A,1.2844,1.2859,1.2838
08/15/2022,1.29,N/A,1.2904,1.2922,1.2893
08/14/2022,1.2791,N/A,1.2773,1.2795,1.2771
08/12/2022,1.2774,N/A,1.2761,1.2803,1.274
08/11/2022,1.2755,N/A,1.2761,1.2772,1.2755
08/10/2022,1.2785,N/A,1.2773,1.279,1.2771
08/09/2022,1.2887,N/A,1.2888,1.2896,1.2881
08/08/2022,1.285,N/A,1.2854,1.2874,1.2849
08/07/2022,1.2934,N/A,1.293,1.2951,1.293
08/05/2022,1.2938,N/A,1.2864,1.2984,1.2861
08/04/2022,1.287,N/A,1.2864,1.2879,1.2861
08/03/2022,1.2848,N/A,1.2838,1.2856,1.2834
08/02/2022,1.2862,N/A,1.288,1.2893,1.2855
08/01/2022,1.2849,N/A,1.2845,1.2863,1.2837
07/31/2022,1.2807,N/A,1.2793,1.2821,1.2794
07/29/2022,1.2794,N/A,1.2804,1.2855,1.2788
07/28/2022,1.2806,N/A,1.2804,1.2816,1.2801
07/27/2022,1.283,N/A,1.2821,1.2837,1.2813
07/26/2022,1.287,N/A,1.2884,1.2895,1.2862
07/25/2022,1.2839,N/A,1.2848,1.2855,1.2825
07/24/2022,1.2925,N/A,1.2914,1.2947,1.2912
07/22/2022,1.2916,N/A,1.2867,1.2928,1.2823
07/21/2022,1.2887,N/A,1.2867,1.2894,1.2867
07/20/2022,1.2875,N/A,1.2884,1.2898,1.287
07/19/2022,1.286,N/A,1.2869,1.2876,1.2856
07/18/2022,1.2974,N/A,1.2978,1.299,1.2968
07/17/2022,1.2993,N/A,1.303,1.3025,1.2987
07/15/2022,1.3026,N/A,1.3117,1.3135,1.3015
07/14/2022,1.3106,N/A,1.3117,1.313,1.3094
07/13/2022,1.2976,N/A,1.2971,1.3007,1.2968
07/12/2022,1.3009,N/A,1.3021,1.3035,1.3002
07/11/2022,1.3018,N/A,1.3005,1.3034,1.2991
07/10/2022,1.2977,N/A,1.2948,1.2981,1.2942
07/08/2022,1.2938,N/A,1.2964,1.3035,1.2937
07/07/2022,1.301,N/A,1.2964,1.3014,1.2954
07/06/2022,1.3018,N/A,1.3036,1.3078,1.3012
07/05/2022,1.3032,N/A,1.3036,1.3045,1.3015
07/01/2022,1.2884,N/A,1.2872,1.2966,1.2867
06/30/2022,1.291,N/A,1.2872,1.2916,1.2867
06/29/2022,1.2889,N/A,1.2891,1.2908,1.2878
06/28/2022,1.287,N/A,1.2871,1.2879,1.2863
06/27/2022,1.2862,N/A,1.2878,1.2881,1.2855
06/26/2022,1.2877,N/A,1.2893,1.2917,1.2871
06/24/2022,1.2893,N/A,1.2994,1.3006,1.289
06/23/2022,1.2984,N/A,1.2994,1.3006,1.298
06/22/2022,1.2965,N/A,1.2945,1.2984,1.2937
06/21/2022,1.2965,N/A,1.2919,1.2975,1.2917
06/20/2022,1.2945,N/A,1.2979,1.2987,1.2942
06/19/2022,1.3003,N/A,1.3026,1.3038,1.2996
06/17/2022,1.3027,N/A,1.2949,1.3079,1.2939
06/16/2022,1.2962,N/A,1.2949,1.297,1.2939
06/15/2022,1.289,N/A,1.289,1.2897,1.2861
06/14/2022,1.2948,N/A,1.2954,1.2964,1.2932
06/13/2022,1.2884,N/A,1.2897,1.2901,1.2881
06/12/2022,1.2812,N/A,1.2781,1.2819,1.278
06/10/2022,1.2786,N/A,1.2696,1.2813,1.2681
06/09/2022,1.2696,N/A,1.2696,1.2709,1.2694
06/08/2022,1.2555,N/A,1.2557,1.2572,1.2549
06/07/2022,1.2548,N/A,1.2528,1.2551,1.2525
06/06/2022,1.2593,N/A,1.2575,1.2603,1.2576
06/05/2022,1.2584,N/A,1.2593,1.2601,1.2579
06/03/2022,1.2595,N/A,1.2569,1.2596,1.2551
06/02/2022,1.2571,N/A,1.2569,1.2579,1.2558
06/01/2022,1.2672,N/A,1.2656,1.2677,1.2656
05/31/2022,1.2649,N/A,1.2644,1.2653,1.2636
05/30/2022,1.2685,N/A,1.2723,1.2736,1.268
05/29/2022,1.2702,N/A,1.2723,1.2736,1.2701
05/27/2022,1.2721,N/A,1.2772,1.2784,1.2718
05/26/2022,1.2751,N/A,1.2772,1.2784,1.2747
05/25/2022,1.2828,N/A,1.2815,1.2838,1.2802
05/24/2022,1.2812,N/A,1.2817,1.2835,1.281
05/23/2022,1.2805,N/A,1.2764,1.2809,1.2765
05/22/2022,1.2802,N/A,1.2836,1.2849,1.2793
05/20/2022,1.2839,N/A,1.2825,1.2868,1.2775
05/19/2022,1.283,N/A,1.2825,1.2835,1.2808
05/18/2022,1.283,N/A,1.2888,1.2894,1.2821
05/17/2022,1.2837,N/A,1.2809,1.2842,1.2795
05/16/2022,1.2836,N/A,1.2843,1.2855,1.2819
05/15/2022,1.2976,N/A,1.2908,1.2982,1.2895
05/13/2022,1.2906,N/A,1.3044,1.305,1.2897
05/12/2022,1.3002,N/A,1.3044,1.305,1.2996
05/11/2022,1.2995,N/A,1.2993,1.3014,1.2977
05/10/2022,1.3008,N/A,1.3023,1.3035,1.3004
05/09/2022,1.3001,N/A,1.3007,1.3037,1.2997
05/08/2022,1.2942,N/A,1.2905,1.2945,1.2903
05/06/2022,1.2909,N/A,1.2832,1.2912,1.2814
05/05/2022,1.2833,N/A,1.2832,1.2857,1.2815
05/04/2022,1.2725,N/A,1.2731,1.2756,1.272
05/03/2022,1.2828,N/A,1.2841,1.2847,1.2816
05/02/2022,1.285,N/A,1.2878,1.2886,1.2839
05/01/2022,1.2863,N/A,1.2856,1.2874,1.2839
04/29/2022,1.286,N/A,1.2805,1.288,1.2719
04/28/2022,1.2776,N/A,1.2805,1.288,1.2765
04/27/2022,1.2839,N/A,1.2819,1.2839,1.281
04/26/2022,1.2793,N/A,1.2825,1.283,1.2788
04/25/2022,1.2696,N/A,1.2733,1.2745,1.2694
04/24/2022,1.2729,N/A,1.271,1.2743,1.2706
04/22/2022,1.2711,N/A,1.2578,1.2727,1.2567
04/21/2022,1.2599,N/A,1.2578,1.2608,1.2567
04/20/2022,1.2493,N/A,1.2498,1.2501,1.2479
04/19/2022,1.2587,N/A,1.2616,1.2624,1.2585
04/18/2022,1.2582,N/A,1.2615,1.262,1.2581
04/15/2022,1.2612,N/A,1.2598,1.2622,1.2592
04/14/2022,1.2611,N/A,1.2598,1.2622,1.2595
04/13/2022,1.255,N/A,1.2566,1.257,1.2543
04/12/2022,1.2618,N/A,1.2643,1.2645,1.2611
04/11/2022,1.2645,N/A,1.2631,1.2657,1.2629
04/10/2022,1.2609,N/A,1.2568,1.2617,1.2566
04/08/2022,1.2572,N/A,1.2589,1.2619,1.2565
04/07/2022,1.2585,N/A,1.2589,1.2595,1.2578
04/06/2022,1.2552,N/A,1.2542,1.2569,1.2537
04/05/2022,1.2496,N/A,1.2485,1.2504,1.2484
04/04/2022,1.2488,N/A,1.2486,1.2493,1.2483
04/03/2022,1.251,N/A,1.2518,1.2529,1.2509
04/01/2022,1.2516,N/A,1.2499,1.2539,1.2481
03/31/2022,1.2494,N/A,1.2499,1.2512,1.2492
03/30/2022,1.2515,N/A,1.248,1.252,1.2477
03/29/2022,1.2492,N/A,1.2502,1.2509,1.2489
03/28/2022,1.2518,N/A,1.2519,1.253,1.2513
03/27/2022,1.2486,N/A,1.2473,1.25,1.2477
03/25/2022,1.2477,N/A,1.2526,1.2554,1.2465
03/24/2022,1.2531,N/A,1.2526,1.2543,1.2517
03/23/2022,1.2575,N/A,1.2559,1.2577,1.2556
03/22/2022,1.2579,N/A,1.2568,1.2586,1.2565
03/21/2022,1.2576,N/A,1.2592,1.2603,1.2573
03/20/2022,1.2606,N/A,1.2602,1.2617,1.2592
03/18/2022,1.2603,N/A,1.2625,1.2646,1.2589
03/17/2022,1.2622,N/A,1.2625,1.2636,1.2615
03/16/2022,1.2685,N/A,1.2676,1.2699,1.267
03/15/2022,1.2761,N/A,1.2763,1.2776,1.2756
03/14/2022,1.2823,N/A,1.2822,1.2853,1.2814
03/13/2022,1.2785,N/A,1.2743,1.2789,1.2728
03/11/2022,1.2747,N/A,1.2767,1.2795,1.2694
03/10/2022,1.2782,N/A,1.2767,1.2789,1.2753
03/09/2022,1.2812,N/A,1.2804,1.2841,1.2792
03/08/2022,1.2873,N/A,1.288,1.2895,1.2867
03/07/2022,1.2809,N/A,1.2818,1.2821,1.2796
03/06/2022,1.2717,N/A,1.273,1.2758,1.2712
03/03/2022,1.2673,N/A,1.268,1.2681,1.2672
03/02/2022,1.2635,N/A,1.2628,1.2655,1.263
03/01/2022,1.2722,N/A,1.274,1.2745,1.2715
02/28/2022,1.2671,N/A,1.2675,1.2685,1.2665
02/27/2022,1.2809,N/A,1.2705,1.2809,1.2744
02/25/2022,1.27,N/A,1.281,1.2821,1.2695
02/24/2022,1.2782,N/A,1.281,1.2818,1.2772
02/23/2022,1.2784,N/A,1.2731,1.2793,1.2728
02/22/2022,1.275,N/A,1.2769,1.2772,1.2744
02/21/2022,1.2761,N/A,1.2751,1.277,1.2745
02/20/2022,1.2729,N/A,1.2749,1.2761,1.2728
02/18/2022,1.2756,N/A,1.2702,1.2761,1.2674
02/17/2022,1.2692,N/A,1.2702,1.2718,1.2688
02/16/2022,1.272,N/A,1.2681,1.2735,1.268
02/15/2022,1.2719,N/A,1.2715,1.2728,1.271
02/14/2022,1.2742,N/A,1.2728,1.2744,1.2724
02/13/2022,1.2731,N/A,1.2736,1.2746,1.2721
02/11/2022,1.2736,N/A,1.2719,1.2754,1.267
02/10/2022,1.2752,N/A,1.2719,1.2752,1.2716
02/09/2022,1.2674,N/A,1.267,1.2716,1.2665
02/08/2022,1.2694,N/A,1.2711,1.2716,1.2689
02/07/2022,1.2692,N/A,1.2667,1.2693,1.2665
02/06/2022,1.273,N/A,1.2764,1.2757,1.2727
02/04/2022,1.2765,N/A,1.2676,1.2788,1.2663
02/03/2022,1.2665,N/A,1.2676,1.2685,1.2663
02/02/2022,1.2679,N/A,1.2667,1.2687,1.2666
02/01/2022,1.2692,N/A,1.2686,1.2695,1.2676
01/31/2022,1.2702,N/A,1.2705,1.2723,1.2701
01/30/2022,1.2738,N/A,1.2761,1.2777,1.2731
01/28/2022,1.2775,N/A,1.274,1.2797,1.2713
01/27/2022,1.2731,N/A,1.274,1.2747,1.2713
01/26/2022,1.2712,N/A,1.2665,1.2713,1.2657
01/25/2022,1.2638,N/A,1.2634,1.2658,1.2619
01/24/2022,1.2656,N/A,1.2634,1.2658,1.2619
01/23/2022,1.2559,N/A,1.2581,1.2581,1.2555
01/21/2022,1.2584,N/A,1.2502,1.2589,1.2499
01/20/2022,1.2525,N/A,1.2502,1.2538,1.2499
01/19/2022,1.2494,N/A,1.2513,1.2517,1.2493
01/18/2022,1.2496,N/A,1.2512,1.2519,1.2487
01/17/2022,1.2525,N/A,1.2519,1.2533,1.2486
01/16/2022,1.2538,N/A,1.2553,1.2558,1.2535
01/14/2022,1.2548,N/A,1.252,1.2571,1.2469
01/13/2022,1.2498,N/A,1.252,1.2526,1.2494
01/12/2022,1.2498,N/A,1.2507,1.251,1.2493
01/11/2022,1.2553,N/A,1.2574,1.2581,1.2549
01/10/2022,1.2654,N/A,1.2678,1.2684,1.2643
01/09/2022,1.2647,N/A,1.2644,1.2732,1.2632
01/07/2022,1.2644,N/A,1.273,1.2732,1.2632
01/06/2022,1.271,N/A,1.273,1.2732,1.2707
01/05/2022,1.2791,N/A,1.2752,1.2792,1.2754
01/04/2022,1.2715,N/A,1.2706,1.2719,1.2697
01/03/2022,1.2732,N/A,1.2741,1.2756,1.2729
01/02/2022,1.2681,N/A,1.2634,1.2686,1.2631
12/31/2021,1.2643,N/A,1.274,1.2751,1.2621
12/30/2021,1.2741,N/A,1.274,1.2751,1.2736
12/29/2021,1.2792,N/A,1.2788,1.2796,1.277
12/28/2021,1.2822,N/A,1.2822,1.2833,1.2812
12/27/2021,1.2793,N/A,1.2783,1.28,1.278
12/26/2021,1.2812,N/A,1.281,1.2818,1.2803
12/24/2021,1.2811,N/A,1.2809,1.2835,1.2787
12/23/2021,1.2825,N/A,1.2809,1.2835,1.2806
12/22/2021,1.2841,N/A,1.2833,1.2854,1.2835
12/21/2021,1.2915,N/A,1.291,1.2925,1.2906
12/20/2021,1.2927,N/A,1.2941,1.2948,1.2914
12/17/2021,1.2895,N/A,1.277,1.2902,1.2771
12/16/2021,1.2797,N/A,1.277,1.2809,1.2771
12/15/2021,1.2849,N/A,1.283,1.2858,1.283
12/14/2021,1.2847,N/A,1.2861,1.2868,1.2844
12/13/2021,1.2824,N/A,1.2804,1.2828,1.2803
12/12/2021,1.2717,N/A,1.272,1.2731,1.2706
12/10/2021,1.2727,N/A,1.2713,1.2738,1.268
12/09/2021,1.2706,N/A,1.2713,1.2719,1.2693
12/08/2021,1.2668,N/A,1.2651,1.2668,1.265
12/07/2021,1.2639,N/A,1.2638,1.2648,1.2632
12/06/2021,1.274,N/A,1.2754,1.2767,1.2731
12/05/2021,1.2826,N/A,1.2842,1.2843,1.2816
12/03/2021,1.2843,N/A,1.2808,1.2854,1.2742
12/02/2021,1.2814,N/A,1.2808,1.2836,1.28
12/01/2021,1.2806,N/A,1.2817,1.2829,1.2795
11/30/2021,1.2734,N/A,1.2776,1.2787,1.2732
11/29/2021,1.2741,N/A,1.2738,1.2749,1.2728
11/28/2021,1.2744,N/A,1.2786,1.2763,1.2719
11/26/2021,1.279,N/A,1.2648,1.28,1.2645
11/25/2021,1.271,N/A,1.2648,1.2716,1.2645
11/24/2021,1.2656,N/A,1.2666,1.2669,1.2646
11/23/2021,1.2689,N/A,1.2664,1.2694,1.2664
11/22/2021,1.2707,N/A,1.2698,1.2713,1.2692
11/21/2021,1.2639,N/A,1.2638,1.2658,1.2635
11/19/2021,1.2644,N/A,1.26,1.2663,1.2582
11/18/2021,1.2595,N/A,1.26,1.2607,1.2593
11/17/2021,1.2614,N/A,1.2605,1.2624,1.2602
11/16/2021,1.2566,N/A,1.256,1.2586,1.2553
11/15/2021,1.2511,N/A,1.2511,1.2521,1.249
11/14/2021,1.2537,N/A,1.2542,1.2556,1.2532
11/12/2021,1.2546,N/A,1.2577,1.2605,1.2539
11/11/2021,1.2593,N/A,1.2577,1.2601,1.2577
11/10/2021,1.2511,N/A,1.2489,1.2514,1.2476
11/09/2021,1.2439,N/A,1.2436,1.2448,1.2429
11/08/2021,1.2447,N/A,1.2441,1.2459,1.2437
11/07/2021,1.2453,N/A,1.2454,1.2461,1.2442
11/05/2021,1.2456,N/A,1.2455,1.2479,1.2433
11/04/2021,1.2462,N/A,1.2455,1.247,1.2448
11/03/2021,1.2398,N/A,1.2389,1.2401,1.2375
11/02/2021,1.2418,N/A,1.2409,1.2422,1.2404
11/01/2021,1.2382,N/A,1.2367,1.2385,1.2366
10/31/2021,1.2384,N/A,1.2387,1.2391,1.2371
10/29/2021,1.2386,N/A,1.2342,1.2408,1.2328
10/28/2021,1.2353,N/A,1.2342,1.2363,1.2341
10/27/2021,1.2371,N/A,1.2356,1.2379,1.2352
10/26/2021,1.2391,N/A,1.2388,1.2399,1.2384
10/25/2021,1.2374,N/A,1.2381,1.2387,1.2368
10/24/2021,1.2344,N/A,1.2367,1.238,1.2343
10/22/2021,1.237,N/A,1.2364,1.239,1.2321
10/21/2021,1.2352,N/A,1.2364,1.2376,1.2343
10/20/2021,1.2298,N/A,1.2319,1.2326,1.2289
10/19/2021,1.2346,N/A,1.2362,1.2369,1.2338
10/18/2021,1.2348,N/A,1.2374,1.2409,1.2346
10/17/2021,1.2391,N/A,1.2367,1.2392,1.2346
10/15/2021,1.2365,N/A,1.2367,1.245,1.2336
10/14/2021,1.236,N/A,1.2367,1.245,1.2355
10/13/2021,1.2428,N/A,1.2441,1.245,1.2424
10/12/2021,1.2456,N/A,1.2465,1.2478,1.2451
10/11/2021,1.249,N/A,1.2482,1.2499,1.2473
10/10/2021,1.2466,N/A,1.2469,1.2487,1.245
10/08/2021,1.2468,N/A,1.2546,1.2563,1.245
10/07/2021,1.255,N/A,1.2546,1.2563,1.2531
10/06/2021,1.2588,N/A,1.2587,1.2599,1.2571
10/05/2021,1.2601,N/A,1.2581,1.2602,1.2575
10/04/2021,1.2615,N/A,1.2587,1.2617,1.2582
10/03/2021,1.263,N/A,1.2647,1.2654,1.2612
10/01/2021,1.2649,N/A,1.2678,1.2738,1.2626
09/30/2021,1.2716,N/A,1.2678,1.2716,1.2675
09/29/2021,1.2734,N/A,1.2754,1.2764,1.2732
09/28/2021,1.2683,N/A,1.2685,1.2699,1.2666
09/27/2021,1.2616,N/A,1.2652,1.2665,1.261
09/26/2021,1.2629,N/A,1.2652,1.2665,1.261
09/24/2021,1.2655,N/A,1.2655,1.2731,1.2639
09/23/2021,1.2667,N/A,1.2655,1.2673,1.2639
09/22/2021,1.2757,N/A,1.277,1.2796,1.2755
09/21/2021,1.2793,N/A,1.2815,1.2833,1.2775
09/20/2021,1.2776,N/A,1.2825,1.2831,1.2772
09/19/2021,1.2793,N/A,1.2766,1.2802,1.2759
09/17/2021,1.2772,N/A,1.2681,1.2773,1.2637
09/16/2021,1.2673,N/A,1.2681,1.2691,1.2672
09/15/2021,1.264,N/A,1.2633,1.2641,1.2614
09/14/2021,1.2687,N/A,1.2693,1.2708,1.2685
09/13/2021,1.2651,N/A,1.2651,1.2657,1.2638
09/12/2021,1.2674,N/A,1.2689,1.2692,1.2666
09/10/2021,1.2691,N/A,1.2662,1.2695,1.258
09/09/2021,1.2643,N/A,1.2662,1.2673,1.2636
09/08/2021,1.2702,N/A,1.2689,1.2706,1.2685
09/07/2021,1.2639,N/A,1.2647,1.2651,1.2624
09/06/2021,1.2532,N/A,1.2537,1.2541,1.2517
09/03/2021,1.2525,N/A,1.2551,1.2563,1.2493
09/02/2021,1.2557,N/A,1.2551,1.2563,1.2546
09/01/2021,1.2624,N/A,1.2616,1.2638,1.2612
08/31/2021,1.2617,N/A,1.2614,1.2638,1.2608
08/30/2021,1.2603,N/A,1.2601,1.2626,1.26
08/29/2021,1.2627,N/A,1.262,1.2631,1.2607
08/27/2021,1.2611,N/A,1.2682,1.2708,1.2603
08/26/2021,1.2599,N/A,1.2589,1.2627,1.2584
08/25/2021,1.2624,N/A,1.2589,1.2626,1.2584
08/24/2021,1.2609,N/A,1.2589,1.2617,1.2585
08/23/2021,1.2656,N/A,1.2645,1.2662,1.2642
08/22/2021,1.2772,N/A,1.2821,1.2842,1.2767
08/20/2021,1.2822,N/A,1.2826,1.2949,1.2812
08/19/2021,1.2856,N/A,1.2826,1.2865,1.2812
08/18/2021,1.2689,N/A,1.2655,1.27,1.2646
08/17/2021,1.2612,N/A,1.263,1.2641,1.2608
08/16/2021,1.2592,N/A,1.2572,1.2599,1.2566
08/15/2021,1.2542,N/A,1.2513,1.2543,1.25
08/13/2021,1.2516,N/A,1.2525,1.2534,1.25
08/12/2021,1.2517,N/A,1.2525,1.2534,1.2515
08/11/2021,1.2503,N/A,1.2506,1.2515,1.25
08/10/2021,1.2529,N/A,1.2519,1.2531,1.2514
08/09/2021,1.258,N/A,1.2574,1.259,1.2568
08/08/2021,1.2563,N/A,1.2552,1.2584,1.255
08/06/2021,1.2548,N/A,1.2507,1.2581,1.2492
08/05/2021,1.2508,N/A,1.2507,1.2513,1.2493
08/04/2021,1.2529,N/A,1.2534,1.2548,1.2525
08/03/2021,1.2519,N/A,1.2536,1.2551,1.2514
08/02/2021,1.2515,N/A,1.2509,1.2517,1.2487
08/01/2021,1.2476,N/A,1.247,1.2491,1.2464
07/30/2021,1.247,N/A,1.2444,1.2492,1.2421
07/29/2021,1.2452,N/A,1.2444,1.2473,1.2437
07/28/2021,1.2496,N/A,1.2527,1.2539,1.2492
07/27/2021,1.2588,N/A,1.26,1.2605,1.2576
07/26/2021,1.2544,N/A,1.254,1.2557,1.2536
07/25/2021,1.2582,N/A,1.2561,1.2588,1.2559
07/23/2021,1.2565,N/A,1.2564,1.2608,1.2553
07/22/2021,1.2571,N/A,1.2564,1.2571,1.2553
07/21/2021,1.2574,N/A,1.2552,1.2585,1.2552
07/20/2021,1.2702,N/A,1.2677,1.2713,1.2671
07/19/2021,1.2749,N/A,1.2748,1.2754,1.2731
07/18/2021,1.2639,N/A,1.2611,1.2642,1.2607
07/16/2021,1.2616,N/A,1.2592,1.2621,1.2559
07/15/2021,1.2571,N/A,1.2592,1.26,1.257
07/14/2021,1.2538,N/A,1.2506,1.2549,1.2505
07/13/2021,1.2506,N/A,1.251,1.2525,1.2492
07/12/2021,1.245,N/A,1.2451,1.2458,1.244
07/11/2021,1.2473,N/A,1.2446,1.2474,1.2444
07/09/2021,1.2445,N/A,1.2532,1.2557,1.2441
07/08/2021,1.2544,N/A,1.2532,1.2557,1.2521
07/07/2021,1.2519,N/A,1.2477,1.252,1.2473
07/06/2021,1.2462,N/A,1.2462,1.2474,1.2454
07/05/2021,1.2319,N/A,1.2338,1.2347,1.2318
07/04/2021,1.2344,N/A,1.2319,1.2347,1.2318
07/02/2021,1.2326,N/A,1.2436,1.245,1.2307
07/01/2021,1.2431,N/A,1.2436,1.2445,1.2429
06/30/2021,1.2397,N/A,1.2394,1.241,1.2388
06/29/2021,1.2397,N/A,1.2401,1.2405,1.2389
06/28/2021,1.2349,N/A,1.2335,1.2349,1.2329
06/27/2021,1.2307,N/A,1.2295,1.2313,1.2287
06/25/2021,1.2297,N/A,1.2322,1.2329,1.227
06/24/2021,1.2311,N/A,1.2322,1.2329,1.2308
06/23/2021,1.2306,N/A,1.2305,1.2313,1.2298
06/22/2021,1.2323,N/A,1.2305,1.2328,1.2301
06/21/2021,1.2372,N/A,1.2359,1.2383,1.2355
06/20/2021,1.2475,N/A,1.2462,1.2477,1.2436
06/18/2021,1.2466,N/A,1.2361,1.2481,1.2336
06/17/2021,1.2351,N/A,1.2361,1.2368,1.2336
06/16/2021,1.2272,N/A,1.2276,1.2292,1.2263
06/15/2021,1.2177,N/A,1.218,1.2188,1.2174
06/14/2021,1.2144,N/A,1.2141,1.2151,1.2135
06/13/2021,1.2156,N/A,1.2155,1.2168,1.2146
06/11/2021,1.2154,N/A,1.2094,1.2177,1.2078
06/10/2021,1.2088,N/A,1.2094,1.2101,1.2084
06/09/2021,1.2117,N/A,1.2109,1.2125,1.2103
06/08/2021,1.211,N/A,1.211,1.2118,1.21
06/07/2021,1.2088,N/A,1.2079,1.2091,1.2075
06/06/2021,1.2087,N/A,1.2079,1.2095,1.2071
06/04/2021,1.208,N/A,1.2102,1.2133,1.2068
06/03/2021,1.2117,N/A,1.2102,1.2124,1.2102
06/02/2021,1.2039,N/A,1.2032,1.2045,1.2028
06/01/2021,1.206,N/A,1.207,1.2076,1.2054
05/31/2021,1.205,N/A,1.2062,1.2067,1.2044
05/30/2021,1.2077,N/A,1.2073,1.2086,1.2065
05/28/2021,1.2073,N/A,1.2064,1.212,1.2061
05/27/2021,1.2077,N/A,1.2064,1.2088,1.2062
05/26/2021,1.2123,N/A,1.2117,1.2142,1.2115
05/25/2021,1.2048,N/A,1.2062,1.2071,1.2044
05/24/2021,1.2044,N/A,1.2039,1.2056,1.2037
05/23/2021,1.2069,N/A,1.2066,1.2078,1.2058
05/21/2021,1.2065,N/A,1.2058,1.2094,1.2025
05/20/2021,1.2076,N/A,1.2058,1.2087,1.2054
05/19/2021,1.2114,N/A,1.2131,1.214,1.2109
05/18/2021,1.207,N/A,1.2064,1.2081,1.2056
05/17/2021,1.2042,N/A,1.2066,1.2073,1.2032
05/16/2021,1.2127,N/A,1.2102,1.2136,1.2105
05/14/2021,1.2098,N/A,1.216,1.218,1.2079
05/13/2021,1.2174,N/A,1.216,1.218,1.2158
05/12/2021,1.2121,N/A,1.2131,1.2135,1.2102
05/11/2021,1.213,N/A,1.2099,1.213,1.2088
05/10/2021,1.2094,N/A,1.2097,1.2113,1.2087
05/09/2021,1.2121,N/A,1.213,1.2138,1.2109
05/07/2021,1.2132,N/A,1.2148,1.2191,1.2123
05/06/2021,1.2166,N/A,1.2148,1.2167,1.2145
05/05/2021,1.2277,N/A,1.2264,1.2289,1.2254
05/04/2021,1.2286,N/A,1.2309,1.235,1.2272
05/03/2021,1.2292,N/A,1.2276,1.2299,1.2272
05/02/2021,1.229,N/A,1.2289,1.23,1.2269
04/30/2021,1.229,N/A,1.2279,1.2322,1.2264
04/29/2021,1.2274,N/A,1.2279,1.2288,1.2269
04/28/2021,1.2311,N/A,1.2312,1.2326,1.2285
04/27/2021,1.241,N/A,1.2393,1.2418,1.2395
04/26/2021,1.2403,N/A,1.2395,1.2411,1.2386
04/25/2021,1.2457,N/A,1.2475,1.2491,1.2447
04/23/2021,1.2476,N/A,1.2504,1.251,1.2459
04/22/2021,1.2474,N/A,1.2504,1.2509,1.2474
04/21/2021,1.25,N/A,1.2496,1.2508,1.2487
04/20/2021,1.2607,N/A,1.2607,1.2616,1.2596
04/19/2021,1.2494,N/A,1.2532,1.2536,1.2488
04/18/2021,1.2511,N/A,1.2504,1.2529,1.2505
04/16/2021,1.2508,N/A,1.2541,1.2559,1.2492
04/15/2021,1.2542,N/A,1.2541,1.2559,1.2529
04/14/2021,1.2523,N/A,1.252,1.2527,1.2502
04/13/2021,1.2539,N/A,1.2531,1.2548,1.2528
04/12/2021,1.2576,N/A,1.2561,1.2582,1.2553
04/11/2021,1.2557,N/A,1.2527,1.2559,1.2525
04/09/2021,1.2528,N/A,1.2562,1.2611,1.2523
04/08/2021,1.2571,N/A,1.2562,1.2576,1.2553
04/07/2021,1.2609,N/A,1.2607,1.2627,1.2604
04/06/2021,1.2586,N/A,1.2563,1.2589,1.2563
04/05/2021,1.254,N/A,1.2521,1.2544,1.2514
04/04/2021,1.2572,N/A,1.2573,1.2587,1.2562
04/02/2021,1.2582,N/A,1.2545,1.2582,1.2526
04/01/2021,1.2527,N/A,1.2545,1.2549,1.2526
03/31/2021,1.2588,N/A,1.2558,1.2636,1.2537
03/30/2021,1.2622,N/A,1.2634,1.2636,1.2607
03/29/2021,1.2581,N/A,1.2588,1.2599,1.258
03/28/2021,1.2607,N/A,1.2574,1.2609,1.2573
03/26/2021,1.2576,N/A,1.261,1.2613,1.2559
03/25/2021,1.2586,N/A,1.261,1.2613,1.2583
03/24/2021,1.2572,N/A,1.2575,1.259,1.2561
03/23/2021,1.2588,N/A,1.2585,1.2603,1.2514
03/22/2021,1.2538,N/A,1.252,1.2544,1.2514
03/21/2021,1.2506,N/A,1.2497,1.2534,1.25
03/19/2021,1.2502,N/A,1.2484,1.2548,1.2459
03/18/2021,1.2503,N/A,1.2484,1.2512,1.2483
03/17/2021,1.2403,N/A,1.24,1.2409,1.2376
03/16/2021,1.2453,N/A,1.2443,1.2459,1.2435
03/15/2021,1.2481,N/A,1.2468,1.2488,1.2467
03/14/2021,1.2477,N/A,1.2477,1.2484,1.2455
03/12/2021,1.2477,N/A,1.2526,1.2574,1.2459
03/11/2021,1.2541,N/A,1.2526,1.255,1.2522
03/10/2021,1.261,N/A,1.2617,1.2626,1.2598
03/09/2021,1.2664,N/A,1.2634,1.2669,1.2631
03/08/2021,1.2653,N/A,1.266,1.2686,1.2645
03/07/2021,1.2658,N/A,1.2655,1.2664,1.2621
03/05/2021,1.2657,N/A,1.2665,1.2736,1.2644
03/04/2021,1.2662,N/A,1.2665,1.2695,1.2651
03/03/2021,1.2664,N/A,1.2653,1.2675,1.2648
03/02/2021,1.263,N/A,1.2631,1.2645,1.2625
03/01/2021,1.2678,N/A,1.2645,1.2688,1.2636
02/28/2021,1.2712,N/A,1.2739,1.2738,1.2685
02/26/2021,1.2749,N/A,1.2599,1.275,1.2585
02/25/2021,1.2621,N/A,1.2599,1.2649,1.2585
02/24/2021,1.2502,N/A,1.2511,1.2522,1.25
02/23/2021,1.2576,N/A,1.2587,1.2597,1.2557
02/22/2021,1.2591,N/A,1.261,1.2618,1.2583
02/21/2021,1.2605,N/A,1.261,1.2618,1.2579
02/19/2021,1.2618,N/A,1.2677,1.2714,1.2592
02/18/2021,1.2704,N/A,1.2677,1.2714,1.2669
02/17/2021,1.2702,N/A,1.2699,1.2712,1.2684
02/16/2021,1.2693,N/A,1.2686,1.2718,1.2683
02/15/2021,1.2619,N/A,1.2638,1.2646,1.2608
02/14/2021,1.267,N/A,1.2694,1.2692,1.2666
02/12/2021,1.2687,N/A,1.2702,1.2763,1.2674
02/11/2021,1.2723,N/A,1.2702,1.273,1.2693
02/10/2021,1.2694,N/A,1.2699,1.2712,1.2688
02/09/2021,1.2696,N/A,1.2693,1.2713,1.269
02/08/2021,1.2726,N/A,1.2738,1.2744,1.2717
02/07/2021,1.2764,N/A,1.2751,1.2769,1.2752
02/05/2021,1.2762,N/A,1.2825,1.2833,1.2753
02/04/2021,1.283,N/A,1.2825,1.2831,1.281
02/03/2021,1.2797,N/A,1.2781,1.2801,1.2775
02/02/2021,1.278,N/A,1.278,1.2789,1.2761
02/01/2021,1.2832,N/A,1.2849,1.2858,1.282
01/31/2021,1.2771,N/A,1.2777,1.2819,1.2769
01/29/2021,1.278,N/A,1.2828,1.2875,1.2737
01/28/2021,1.2866,N/A,1.2828,1.2872,1.2814
01/27/2021,1.2833,N/A,1.2798,1.2835,1.2796
01/26/2021,1.272,N/A,1.2689,1.2726,1.2683
01/25/2021,1.2765,N/A,1.2738,1.2766,1.2734
01/24/2021,1.2702,N/A,1.2731,1.2736,1.2695
01/22/2021,1.2733,N/A,1.2633,1.274,1.2632
01/21/2021,1.2668,N/A,1.2633,1.267,1.2632
01/20/2021,1.262,N/A,1.2629,1.2647,1.261
01/19/2021,1.2712,N/A,1.2731,1.2747,1.2704
01/18/2021,1.2721,N/A,1.2754,1.2759,1.2719
01/17/2021,1.2781,N/A,1.2732,1.2782,1.2724
01/15/2021,1.2738,N/A,1.2635,1.2764,1.2634
01/14/2021,1.2654,N/A,1.2635,1.2658,1.2634
01/13/2021,1.2689,N/A,1.2694,1.2712,1.2683
01/12/2021,1.2711,N/A,1.2708,1.2718,1.2701
01/11/2021,1.2786,N/A,1.2783,1.2792,1.2768
01/10/2021,1.2763,N/A,1.2683,1.2764,1.2698
01/08/2021,1.2683,N/A,1.2687,1.2744,1.2657
01/07/2021,1.2679,N/A,1.2687,1.2701,1.2674
01/06/2021,1.2675,N/A,1.2674,1.2683,1.2661
01/05/2021,1.2671,N/A,1.267,1.2695,1.2662
01/04/2021,1.2757,N/A,1.2777,1.2792,1.2737
01/03/2021,1.2702,N/A,1.2727,1.2736,1.2693
01/01/2021,1.2729,N/A,1.273,1.2737,1.2723
12/31/2020,1.2729,N/A,1.273,1.2737,1.2723
12/30/2020,1.2747,N/A,1.2758,1.2768,1.2733
12/29/2020,1.2788,N/A,1.2817,1.2828,1.2784
12/28/2020,1.2827,N/A,1.2845,1.286,1.2822
12/27/2020,1.2845,N/A,1.2869,1.2862,1.2832
12/25/2020,1.2869,N/A,1.2873,1.2915,1.2825
12/24/2020,1.2862,N/A,1.2873,1.2875,1.2855
12/23/2020,1.2847,N/A,1.2845,1.2852,1.2829
12/22/2020,1.2891,N/A,1.2907,1.2915,1.2882
12/21/2020,1.2875,N/A,1.2854,1.2877,1.2841
12/20/2020,1.2843,N/A,1.2783,1.2854,1.2789
12/18/2020,1.2786,N/A,1.2719,1.2799,1.2714
12/17/2020,1.2748,N/A,1.2719,1.2751,1.2714
12/16/2020,1.2723,N/A,1.2742,1.2751,1.2719
12/15/2020,1.2723,N/A,1.2697,1.2726,1.2694
12/14/2020,1.2771,N/A,1.276,1.2772,1.2748
12/13/2020,1.2757,N/A,1.2772,1.2764,1.2745
12/11/2020,1.2771,N/A,1.2737,1.2792,1.2717
12/10/2020,1.2725,N/A,1.2737,1.2748,1.2719
12/09/2020,1.2797,N/A,1.2814,1.283,1.2792
12/08/2020,1.2801,N/A,1.2814,1.2824,1.2796
12/07/2020,1.279,N/A,1.2796,1.281,1.2785
12/06/2020,1.279,N/A,1.278,1.2791,1.2774
12/04/2020,1.2785,N/A,1.286,1.2874,1.277
12/03/2020,1.2858,N/A,1.286,1.2874,1.2855
12/02/2020,1.2926,N/A,1.2918,1.2929,1.2911
12/01/2020,1.2939,N/A,1.2932,1.295,1.2929
11/30/2020,1.2969,N/A,1.30,1.3008,1.2963
11/29/2020,1.2988,N/A,1.2987,1.3001,1.2977
11/27/2020,1.2996,N/A,1.3013,1.3025,1.2972
11/26/2020,1.3011,N/A,1.3013,1.3025,1.3007
11/25/2020,1.2995,N/A,1.30,1.3009,1.2988
11/24/2020,1.3001,N/A,1.2994,1.3005,1.2988
11/23/2020,1.3046,N/A,1.3077,1.3086,1.3043
11/22/2020,1.3079,N/A,1.3096,1.3095,1.3068
11/20/2020,1.3095,N/A,1.3071,1.3097,1.3038
11/19/2020,1.3068,N/A,1.3071,1.3089,1.3064
11/18/2020,1.3082,N/A,1.3081,1.3099,1.3073
11/17/2020,1.3095,N/A,1.3102,1.3118,1.3091
11/16/2020,1.3072,N/A,1.3072,1.3085,1.3062
11/15/2020,1.3112,N/A,1.3131,1.314,1.3107
11/13/2020,1.3134,N/A,1.3139,1.3172,1.3114
11/12/2020,1.3161,N/A,1.3139,1.3171,1.3132
11/11/2020,1.3077,N/A,1.3062,1.3078,1.3054
11/10/2020,1.3033,N/A,1.3029,1.3042,1.3006
11/09/2020,1.3009,N/A,1.3007,1.3021,1.2995
11/08/2020,1.3008,N/A,1.3055,1.3054,1.3005
11/06/2020,1.3063,N/A,1.3047,1.3096,1.3018
11/05/2020,1.3087,N/A,1.3047,1.3096,1.3036
11/04/2020,1.3137,N/A,1.3139,1.3177,1.3116
11/03/2020,1.3226,N/A,1.313,1.3278,1.3093
11/02/2020,1.323,N/A,1.3215,1.3232,1.3205
11/01/2020,1.3344,N/A,1.3317,1.337,1.3316
10/30/2020,1.3318,N/A,1.3323,1.3348,1.3278
10/29/2020,1.33,N/A,1.3323,1.3327,1.3292
10/28/2020,1.329,N/A,1.3319,1.3326,1.329
10/27/2020,1.3192,N/A,1.3184,1.32,1.3179
10/26/2020,1.3186,N/A,1.3207,1.3212,1.318
10/25/2020,1.3154,N/A,1.3121,1.3161,1.3131
10/23/2020,1.3123,N/A,1.3133,1.316,1.3108
10/22/2020,1.3146,N/A,1.3133,1.3158,1.3122
10/21/2020,1.3173,N/A,1.3145,1.3177,1.3136
10/20/2020,1.309,N/A,1.3124,1.3131,1.3087
10/19/2020,1.3185,N/A,1.3192,1.3202,1.3177
10/18/2020,1.3188,N/A,1.3187,1.3195,1.3169
10/16/2020,1.3188,N/A,1.3219,1.3237,1.3175
10/15/2020,1.3234,N/A,1.3219,1.3237,1.3215
10/14/2020,1.3152,N/A,1.3145,1.3158,1.3142
10/13/2020,1.3135,N/A,1.3137,1.3157,1.313
10/12/2020,1.3129,N/A,1.3111,1.3144,1.3108
10/11/2020,1.3131,N/A,1.3118,1.3143,1.3121
10/09/2020,1.3119,N/A,1.3194,1.3204,1.3107
10/08/2020,1.3184,N/A,1.3194,1.3204,1.3178
10/07/2020,1.3258,N/A,1.3253,1.3271,1.3249
10/06/2020,1.3321,N/A,1.3307,1.3341,1.3304
10/05/2020,1.3252,N/A,1.3265,1.3274,1.3241
10/04/2020,1.3276,N/A,1.3307,1.3303,1.3271
10/02/2020,1.331,N/A,1.3287,1.3332,1.3276
10/01/2020,1.33,N/A,1.3287,1.3308,1.3276
09/30/2020,1.3295,N/A,1.3319,1.3329,1.3283
09/29/2020,1.3406,N/A,1.3387,1.3409,1.3371
09/28/2020,1.3379,N/A,1.3372,1.3384,1.3354
09/27/2020,1.3379,N/A,1.3384,1.3399,1.3372
09/25/2020,1.3386,N/A,1.3362,1.3418,1.3337
09/24/2020,1.3352,N/A,1.3362,1.3367,1.3341
09/23/2020,1.3397,N/A,1.3385,1.3398,1.337
09/22/2020,1.3317,N/A,1.3301,1.3323,1.3293
09/21/2020,1.3305,N/A,1.3306,1.3323,1.3296
09/20/2020,1.3178,N/A,1.3204,1.3209,1.3174
09/18/2020,1.3206,N/A,1.3164,1.3209,1.3135
09/17/2020,1.3161,N/A,1.3164,1.317,1.3135
09/16/2020,1.3231,N/A,1.3176,1.3237,1.3168
09/15/2020,1.3175,N/A,1.3181,1.3201,1.3168
09/14/2020,1.3153,N/A,1.3174,1.3187,1.3149
09/13/2020,1.3163,N/A,1.3174,1.3194,1.3158
09/11/2020,1.3181,N/A,1.319,1.3207,1.3149
09/10/2020,1.3175,N/A,1.319,1.3195,1.317
09/09/2020,1.3155,N/A,1.3141,1.3168,1.3139
09/08/2020,1.3237,N/A,1.3232,1.3256,1.3229
09/07/2020,1.311,N/A,1.3096,1.3113,1.3089
09/06/2020,1.3081,N/A,1.3061,1.3084,1.305
09/04/2020,1.3064,N/A,1.3126,1.3141,1.3042
09/03/2020,1.3127,N/A,1.3126,1.3141,1.3111
09/02/2020,1.3065,N/A,1.3042,1.3071,1.3038
09/01/2020,1.3066,N/A,1.3062,1.3084,1.3051
08/31/2020,1.301,N/A,1.3045,1.3048,1.3003
08/30/2020,1.3077,N/A,1.3097,1.3104,1.307
08/28/2020,1.3095,N/A,1.3123,1.3133,1.3045
08/27/2020,1.3107,N/A,1.3123,1.3133,1.3104
08/26/2020,1.3145,N/A,1.3139,1.3155,1.3133
08/25/2020,1.3175,N/A,1.3168,1.3181,1.3157
08/24/2020,1.3226,N/A,1.3216,1.3235,1.3211
08/23/2020,1.3171,N/A,1.3175,1.3188,1.3166
08/21/2020,1.3178,N/A,1.3182,1.3235,1.3157
08/20/2020,1.3171,N/A,1.3182,1.3189,1.3161
08/19/2020,1.3219,N/A,1.3213,1.3233,1.3205
08/18/2020,1.3162,N/A,1.3167,1.3175,1.315
08/17/2020,1.319,N/A,1.3214,1.3232,1.3187
08/16/2020,1.3255,N/A,1.3266,1.3264,1.3243
08/14/2020,1.3267,N/A,1.322,1.3271,1.3204
08/13/2020,1.3229,N/A,1.322,1.3235,1.3212
08/12/2020,1.3238,N/A,1.3244,1.3257,1.3224
08/11/2020,1.3338,N/A,1.33,1.3361,1.3269
08/10/2020,1.3325,N/A,1.335,1.3361,1.3323
08/09/2020,1.3375,N/A,1.3383,1.3394,1.3368
08/07/2020,1.3384,N/A,1.3304,1.3399,1.3282
08/06/2020,1.3363,N/A,1.3304,1.3372,1.3282
08/05/2020,1.3264,N/A,1.3264,1.328,1.3252
08/04/2020,1.3289,N/A,1.3317,1.3332,1.3282
08/03/2020,1.3392,N/A,1.3389,1.3405,1.3381
08/02/2020,1.3408,N/A,1.3413,1.3421,1.3388
07/31/2020,1.3413,N/A,1.3422,1.3441,1.3369
07/30/2020,1.3424,N/A,1.3422,1.3441,1.3405
07/29/2020,1.334,N/A,1.334,1.3351,1.3332
07/28/2020,1.3375,N/A,1.3376,1.3388,1.3364
07/27/2020,1.3371,N/A,1.3354,1.3371,1.3329
07/26/2020,1.3379,N/A,1.3413,1.3431,1.3369
07/24/2020,1.3419,N/A,1.3408,1.3445,1.3375
07/23/2020,1.3406,N/A,1.3408,1.3418,1.3375
07/22/2020,1.3403,N/A,1.3415,1.3419,1.3399
07/21/2020,1.3445,N/A,1.3457,1.346,1.3438
07/20/2020,1.3514,N/A,1.3533,1.3538,1.3511
07/19/2020,1.3588,N/A,1.3576,1.36,1.3574
07/17/2020,1.3578,N/A,1.357,1.3589,1.3562
07/16/2020,1.3575,N/A,1.357,1.3583,1.3562
07/15/2020,1.3506,N/A,1.3508,1.3518,1.35
07/14/2020,1.3604,N/A,1.3612,1.3619,1.3584
07/13/2020,1.362,N/A,1.3608,1.3626,1.3596
07/12/2020,1.3573,N/A,1.3591,1.3602,1.3568
07/10/2020,1.3596,N/A,1.3584,1.3632,1.3574
07/09/2020,1.3594,N/A,1.3584,1.3605,1.3574
07/08/2020,1.3508,N/A,1.351,1.3525,1.3506
07/07/2020,1.3601,N/A,1.3602,1.3613,1.3591
07/06/2020,1.3548,N/A,1.3536,1.3556,1.3523
07/05/2020,1.3543,N/A,1.3545,1.3566,1.3539
07/03/2020,1.355,N/A,1.3563,1.3582,1.3543
07/02/2020,1.3597,N/A,1.3585,1.3612,1.3573
07/01/2020,1.3603,N/A,1.3585,1.3606,1.3576
06/30/2020,1.357,N/A,1.3573,1.3582,1.3558
06/29/2020,1.3664,N/A,1.3657,1.3676,1.365
06/28/2020,1.3662,N/A,1.3688,1.3699,1.3645
06/26/2020,1.3687,N/A,1.3636,1.3716,1.3625
06/25/2020,1.3639,N/A,1.3636,1.3653,1.3627
06/24/2020,1.3646,N/A,1.3637,1.3652,1.3618
06/23/2020,1.3553,N/A,1.3545,1.3559,1.3525
06/22/2020,1.3535,N/A,1.352,1.3571,1.3498
06/21/2020,1.359,N/A,1.3603,1.3631,1.3587
06/19/2020,1.3609,N/A,1.3599,1.3618,1.3545
06/18/2020,1.3598,N/A,1.3599,1.3615,1.3585
06/17/2020,1.3569,N/A,1.3563,1.3608,1.3554
06/16/2020,1.3557,N/A,1.3542,1.3572,1.3531
06/15/2020,1.3518,N/A,1.357,1.3574,1.3509
06/12/2020,1.3584,N/A,1.3624,1.3666,1.3525
06/11/2020,1.3618,N/A,1.3624,1.3666,1.3616
06/10/2020,1.3454,N/A,1.3411,1.3456,1.3397
06/09/2020,1.3396,N/A,1.3414,1.3429,1.339
06/08/2020,1.3391,N/A,1.3382,1.3396,1.3357
06/07/2020,1.3423,N/A,1.3424,1.3436,1.3393
06/05/2020,1.3422,N/A,1.3498,1.3513,1.339
06/04/2020,1.3516,N/A,1.3493,1.3531,1.3487
06/03/2020,1.3515,N/A,1.3493,1.3519,1.3487
06/02/2020,1.3504,N/A,1.3516,1.3528,1.3478
06/01/2020,1.3559,N/A,1.3571,1.3585,1.3543
05/29/2020,1.3772,N/A,1.3761,1.3832,1.3713
05/28/2020,1.3773,N/A,1.3761,1.3794,1.3761
05/27/2020,1.3768,N/A,1.375,1.3775,1.3732
05/26/2020,1.3775,N/A,1.3777,1.3805,1.3766
05/25/2020,1.3948,N/A,1.3984,1.3989,1.3945
05/24/2020,1.3992,N/A,1.3994,1.4008,1.398
05/22/2020,1.4008,N/A,1.3952,1.4049,1.3939
05/21/2020,1.3998,N/A,1.3952,1.4005,1.3939
05/20/2020,1.3939,N/A,1.39,1.3941,1.3897
05/19/2020,1.3927,N/A,1.3941,1.3961,1.3914
05/18/2020,1.3958,N/A,1.3934,1.3969,1.3922
05/17/2020,1.4075,N/A,1.4108,1.4118,1.4065
05/15/2020,1.4108,N/A,1.4048,1.4117,1.4016
05/14/2020,1.4049,N/A,1.4048,1.406,1.403
05/13/2020,1.4102,N/A,1.4099,1.4107,1.4085
05/12/2020,1.4057,N/A,1.4077,1.4085,1.4051
05/11/2020,1.4047,N/A,1.4006,1.4064,1.4002
05/08/2020,1.3917,N/A,1.397,1.4001,1.3907
05/07/2020,1.3939,N/A,1.397,1.4001,1.3923
05/06/2020,1.4131,N/A,1.4143,1.4173,1.4122
05/05/2020,1.4055,N/A,1.4045,1.4078,1.403
05/04/2020,1.4068,N/A,1.4083,1.4093,1.4053
05/03/2020,1.4106,N/A,1.4084,1.4152,1.4079
05/01/2020,1.4089,N/A,1.3941,1.411,1.393
04/30/2020,1.40,N/A,1.3941,1.4007,1.393
04/29/2020,1.387,N/A,1.3877,1.3898,1.3868
04/28/2020,1.3945,N/A,1.3993,1.4004,1.3939
04/27/2020,1.4052,N/A,1.4029,1.4065,1.4015
04/26/2020,1.4074,N/A,1.4102,1.4117,1.4062
04/24/2020,1.4099,N/A,1.4071,1.412,1.4021
04/23/2020,1.4067,N/A,1.4071,1.4088,1.4051
04/22/2020,1.4183,N/A,1.4159,1.4199,1.4158
04/21/2020,1.4216,N/A,1.4207,1.4222,1.4172
04/20/2020,1.4161,N/A,1.4145,1.4178,1.4111
04/19/2020,1.4076,N/A,1.3998,1.4079,1.4017
04/17/2020,1.3999,N/A,1.4079,1.4118,1.3998
04/16/2020,1.4037,N/A,1.4079,1.4089,1.4003
04/15/2020,1.4115,N/A,1.4111,1.4137,1.4101
04/14/2020,1.3897,N/A,1.3881,1.3913,1.3874
04/13/2020,1.3867,N/A,1.3902,1.3907,1.3862
04/12/2020,1.3952,N/A,1.3952,1.4002,1.3925
04/10/2020,1.3957,N/A,1.3973,1.4009,1.3946
04/09/2020,1.3974,N/A,1.3973,1.4009,1.3963
04/08/2020,1.4021,N/A,1.4012,1.4036,1.3999
04/07/2020,1.4046,N/A,1.3993,1.4046,1.3986
04/06/2020,1.4102,N/A,1.4109,1.4143,1.4081
04/05/2020,1.4181,N/A,1.4201,1.4262,1.4176
04/03/2020,1.4192,N/A,1.4131,1.4225,1.4093
04/02/2020,1.4159,N/A,1.4131,1.4172,1.4115
04/01/2020,1.4171,N/A,1.4188,1.4196,1.4145
03/31/2020,1.4102,N/A,1.4059,1.4119,1.4061
03/30/2020,1.4175,N/A,1.4169,1.4208,1.4152
03/29/2020,1.4057,N/A,1.3977,1.4083,1.4018
03/27/2020,1.3991,N/A,1.4016,1.4154,1.392
03/26/2020,1.4001,N/A,1.4016,1.4072,1.3998
03/25/2020,1.4244,N/A,1.419,1.4269,1.4185
03/24/2020,1.4391,N/A,1.4459,1.4482,1.4376
03/23/2020,1.4421,N/A,1.4496,1.4534,1.4398
03/22/2020,1.4419,N/A,1.4362,1.4488,1.4348
03/20/2020,1.4341,N/A,1.451,1.4538,1.415
03/19/2020,1.4405,N/A,1.451,1.4538,1.4376
03/18/2020,1.4622,N/A,1.4503,1.4668,1.4423
03/17/2020,1.4206,N/A,1.4199,1.4248,1.4192
03/16/2020,1.3975,N/A,1.4016,1.402,1.3962
03/15/2020,1.3843,N/A,1.3803,1.3884,1.3733
03/13/2020,1.3806,N/A,1.3926,1.3994,1.378
03/12/2020,1.392,N/A,1.3926,1.3949,1.391
03/11/2020,1.3787,N/A,1.3776,1.3821,1.3765
03/10/2020,1.3697,N/A,1.3722,1.3745,1.3693
03/09/2020,1.3634,N/A,1.3701,1.3708,1.3627
03/08/2020,1.3638,N/A,1.3423,1.3758,1.354
03/06/2020,1.3425,N/A,1.3405,1.3439,1.3378
03/05/2020,1.3407,N/A,1.3405,1.3414,1.3385
03/04/2020,1.3347,N/A,1.3385,1.3388,1.3328
03/03/2020,1.3355,N/A,1.3385,1.3388,1.3342
03/02/2020,1.334,N/A,1.3322,1.3352,1.3318
03/01/2020,1.3346,N/A,1.3396,1.344,1.3334
02/28/2020,1.3397,N/A,1.3388,1.3464,1.3376
02/27/2020,1.344,N/A,1.3388,1.3447,1.3376
02/26/2020,1.3342,N/A,1.333,1.3348,1.3325
02/25/2020,1.3279,N/A,1.3277,1.3295,1.3272
02/24/2020,1.3287,N/A,1.3292,1.3297,1.3278
02/23/2020,1.3265,N/A,1.3222,1.3268,1.3245
02/21/2020,1.3224,N/A,1.3259,1.3269,1.32
02/20/2020,1.3252,N/A,1.3259,1.3267,1.3244
02/19/2020,1.3228,N/A,1.3218,1.324,1.3209
02/18/2020,1.3247,N/A,1.3256,1.3261,1.3242
02/17/2020,1.3234,N/A,1.3252,1.3252,1.3224
02/16/2020,1.3237,N/A,1.3252,1.3252,1.3236
02/14/2020,1.3251,N/A,1.3267,1.327,1.3233
02/13/2020,1.3258,N/A,1.3267,1.327,1.3253
02/12/2020,1.325,N/A,1.3249,1.3261,1.3238
02/11/2020,1.3282,N/A,1.3286,1.3296,1.3276
02/10/2020,1.3302,N/A,1.3315,1.332,1.3298
02/09/2020,1.3293,N/A,1.3311,1.3313,1.3291
02/07/2020,1.3306,N/A,1.3284,1.332,1.3278
02/06/2020,1.3289,N/A,1.3284,1.3295,1.3282
02/05/2020,1.3283,N/A,1.3278,1.3289,1.3278
02/04/2020,1.3289,N/A,1.3272,1.3295,1.3273
02/03/2020,1.3291,N/A,1.3284,1.3302,1.3285
02/02/2020,1.3244,N/A,1.3235,1.325,1.3237
01/31/2020,1.3237,N/A,1.3208,1.3254,1.3193
01/30/2020,1.3201,N/A,1.3208,1.3216,1.3193
01/29/2020,1.3203,N/A,1.3196,1.3206,1.3191
01/28/2020,1.3163,N/A,1.3155,1.3166,1.3153
01/27/2020,1.3186,N/A,1.3192,1.3196,1.3182
01/26/2020,1.3159,N/A,1.3142,1.3164,1.3148
01/24/2020,1.3149,N/A,1.3122,1.3153,1.3119
01/23/2020,1.3127,N/A,1.3122,1.3133,1.3122
01/22/2020,1.3167,N/A,1.3134,1.317,1.3131
01/21/2020,1.3085,N/A,1.3067,1.3093,1.3067
01/20/2020,1.3056,N/A,1.3046,1.3062,1.3042
01/19/2020,1.3066,N/A,1.3063,1.307,1.3059
01/17/2020,1.3066,N/A,1.304,1.3075,1.3032
01/16/2020,1.3051,N/A,1.304,1.3053,1.3036
01/15/2020,1.3043,N/A,1.3041,1.3046,1.3033
01/14/2020,1.3058,N/A,1.306,1.3072,1.3054
01/13/2020,1.3058,N/A,1.3056,1.3063,1.3047
01/12/2020,1.3047,N/A,1.305,1.3068,1.3045
01/10/2020,1.3049,N/A,1.3054,1.3076,1.3027
01/09/2020,1.3064,N/A,1.3054,1.3069,1.3051
01/08/2020,1.304,N/A,1.3037,1.304,1.3024
01/07/2020,1.2984,N/A,1.3003,1.3008,1.2978
01/06/2020,1.2966,N/A,1.2963,1.2968,1.2958
01/05/2020,1.2976,N/A,1.2999,1.2991,1.2975
01/03/2020,1.3001,N/A,1.2978,1.3009,1.2959
01/02/2020,1.2992,N/A,1.2978,1.2999,1.2974
01/01/2020,1.2988,N/A,1.2986,1.299,1.2971
12/31/2019,1.2986,N/A,1.2986,1.2992,1.2984
12/30/2019,1.3051,N/A,1.3064,1.3071,1.3043
12/29/2019,1.3068,N/A,1.3076,1.3085,1.3063
12/27/2019,1.307,N/A,1.3121,1.3123,1.3063
12/26/2019,1.3106,N/A,1.3121,1.3123,1.3101
12/25/2019,1.3154,N/A,1.316,1.3165,1.3151
12/24/2019,1.3163,N/A,1.3165,1.317,1.3156
12/23/2019,1.3155,N/A,1.3143,1.3158,1.3141
12/22/2019,1.3157,N/A,1.3146,1.3159,1.314
12/20/2019,1.3146,N/A,1.3125,1.3181,1.3119
12/19/2019,1.3138,N/A,1.3125,1.3139,1.3119
12/18/2019,1.3117,N/A,1.3113,1.3119,1.3106
12/17/2019,1.3165,N/A,1.3158,1.3171,1.3151
12/16/2019,1.3161,N/A,1.315,1.3175,1.3152
12/15/2019,1.3173,N/A,1.3165,1.3187,1.3169
12/13/2019,1.3174,N/A,1.3182,1.3205,1.3149
12/12/2019,1.3165,N/A,1.3182,1.3187,1.3149
12/11/2019,1.3164,N/A,1.3171,1.3179,1.3161
12/10/2019,1.3234,N/A,1.3225,1.3239,1.3227
12/09/2019,1.3231,N/A,1.3237,1.3245,1.3226
12/08/2019,1.3262,N/A,1.3255,1.3264,1.3249
12/06/2019,1.3251,N/A,1.3173,1.327,1.3157
12/05/2019,1.3184,N/A,1.3173,1.3203,1.3157
12/04/2019,1.3182,N/A,1.3199,1.3203,1.3178
12/03/2019,1.3287,N/A,1.3294,1.3297,1.3282
12/02/2019,1.3302,N/A,1.3308,1.331,1.3296
12/01/2019,1.3291,N/A,1.3275,1.3291,1.3272
11/29/2019,1.3273,N/A,1.3277,1.3315,1.327
11/28/2019,1.3285,N/A,1.3277,1.329,1.3277
11/27/2019,1.3287,N/A,1.3281,1.3293,1.3274
11/26/2019,1.3281,N/A,1.327,1.3281,1.3265
11/25/2019,1.3308,N/A,1.3297,1.3314,1.3294
11/24/2019,1.3295,N/A,1.3301,1.3301,1.329
11/22/2019,1.3302,N/A,1.3285,1.3302,1.3252
11/21/2019,1.3283,N/A,1.3285,1.3285,1.3267
11/20/2019,1.3314,N/A,1.3303,1.3322,1.33
11/19/2019,1.3268,N/A,1.3206,1.3273,1.3107
11/18/2019,1.3203,N/A,1.3206,1.3236,1.3107
11/17/2019,1.3218,N/A,1.3221,1.3226,1.3211
11/15/2019,1.3223,N/A,1.3245,1.3252,1.3216
11/14/2019,1.323,N/A,1.3245,1.3252,1.3228
11/13/2019,1.3258,N/A,1.3249,1.3262,1.3245
11/12/2019,1.3242,N/A,1.3231,1.3244,1.3224
11/11/2019,1.3247,N/A,1.3231,1.3249,1.3221
11/10/2019,1.323,N/A,1.3228,1.3234,1.3214
11/08/2019,1.3228,N/A,1.3169,1.3237,1.3163
11/07/2019,1.3182,N/A,1.3169,1.3185,1.3163
11/06/2019,1.3194,N/A,1.318,1.3197,1.3173
11/05/2019,1.3158,N/A,1.3154,1.3161,1.3138
11/04/2019,1.3153,N/A,1.3149,1.3159,1.3142
11/03/2019,1.3133,N/A,1.3134,1.3146,1.3129
11/01/2019,1.3136,N/A,1.3159,1.3196,1.3135
10/31/2019,1.3156,N/A,1.3159,1.3174,1.3155
10/30/2019,1.316,N/A,1.3156,1.3173,1.3151
10/29/2019,1.3091,N/A,1.3085,1.3095,1.3072
10/28/2019,1.3056,N/A,1.305,1.3059,1.3042
10/27/2019,1.3072,N/A,1.3058,1.3075,1.3053
10/25/2019,1.3059,N/A,1.3071,1.3077,1.3053
10/24/2019,1.3075,N/A,1.3071,1.3075,1.3059
10/23/2019,1.3073,N/A,1.3067,1.308,1.3061
10/22/2019,1.3104,N/A,1.3091,1.3105,1.3082
10/21/2019,1.3072,N/A,1.3084,1.3104,1.3069
10/20/2019,1.3135,N/A,1.3124,1.3139,1.3127
10/18/2019,1.3126,N/A,1.3135,1.3146,1.3117
10/17/2019,1.3138,N/A,1.3135,1.3145,1.3129
10/16/2019,1.3199,N/A,1.3201,1.3207,1.3191
10/15/2019,1.3209,N/A,1.3197,1.3211,1.3192
10/14/2019,1.3228,N/A,1.3231,1.3236,1.3221
10/13/2019,1.3209,N/A,1.3196,1.3217,1.3192
10/11/2019,1.3198,N/A,1.329,1.33,1.3169
10/10/2019,1.3294,N/A,1.329,1.33,1.3284
10/09/2019,1.3316,N/A,1.333,1.3346,1.331
10/08/2019,1.3318,N/A,1.3324,1.3329,1.3313
10/07/2019,1.33,N/A,1.3307,1.3313,1.3293
10/04/2019,1.3316,N/A,1.3335,1.3339,1.3297
10/03/2019,1.3327,N/A,1.3335,1.3339,1.3322
10/02/2019,1.3327,N/A,1.3321,1.3335,1.3315
10/01/2019,1.3213,N/A,1.3218,1.323,1.3203
09/30/2019,1.3243,N/A,1.3239,1.3244,1.3232
09/29/2019,1.3239,N/A,1.3244,1.3247,1.3235
09/27/2019,1.3242,N/A,1.3268,1.3278,1.3212
09/26/2019,1.327,N/A,1.3268,1.3278,1.3262
09/25/2019,1.3258,N/A,1.3266,1.327,1.3251
09/24/2019,1.3256,N/A,1.324,1.3258,1.3233
09/23/2019,1.3262,N/A,1.3261,1.3267,1.3252
09/22/2019,1.3272,N/A,1.3259,1.3277,1.3261
09/20/2019,1.3264,N/A,1.326,1.33,1.3253
09/19/2019,1.3265,N/A,1.326,1.3268,1.3253
09/18/2019,1.3304,N/A,1.3284,1.3308,1.3281
09/17/2019,1.3251,N/A,1.3241,1.3253,1.3239
09/16/2019,1.3249,N/A,1.3235,1.3255,1.3232
09/15/2019,1.3234,N/A,1.3283,1.3248,1.3212
09/13/2019,1.3285,N/A,1.3209,1.3289,1.3204
09/12/2019,1.3215,N/A,1.3209,1.3218,1.3204
09/11/2019,1.3186,N/A,1.3191,1.3199,1.3178
09/10/2019,1.3142,N/A,1.3149,1.3154,1.314
09/09/2019,1.3157,N/A,1.317,1.3178,1.3152
09/08/2019,1.317,N/A,1.317,1.3178,1.3164
09/06/2019,1.3173,N/A,1.3227,1.3236,1.3156
09/05/2019,1.323,N/A,1.3227,1.3236,1.3222
09/04/2019,1.3221,N/A,1.3222,1.3235,1.3217
08/16/2019,1.3268,N/A,1.3308,1.3325,1.3259
08/15/2019,1.3319,N/A,1.3308,1.3325,1.3309
08/14/2019,1.3305,N/A,1.3317,1.3323,1.3302
08/13/2019,1.3224,N/A,1.3221,1.3229,1.3209
08/06/2019,1.3199,N/A,1.3213,1.3223,1.3185
08/05/2019,1.3197,N/A,1.3213,1.3223,1.3186
08/04/2019,1.3234,N/A,1.3204,1.3236,1.3192
08/02/2019,1.3205,N/A,1.3211,1.3266,1.3198
08/01/2019,1.3216,N/A,1.3211,1.3222,1.3208
07/31/2019,1.3203,N/A,1.3189,1.3218,1.3182
07/30/2019,1.3138,N/A,1.3146,1.3156,1.3133
07/29/2019,1.3171,N/A,1.3161,1.3173,1.3157
07/28/2019,1.3165,N/A,1.3166,1.3174,1.3157
07/26/2019,1.3167,N/A,1.3161,1.3198,1.3155
07/25/2019,1.3161,N/A,1.3161,1.3166,1.3155
07/24/2019,1.3135,N/A,1.3139,1.3145,1.3128
07/23/2019,1.3136,N/A,1.3132,1.3143,1.3128
07/22/2019,1.3125,N/A,1.3118,1.3131,1.3115
07/21/2019,1.3062,N/A,1.306,1.3069,1.3054
07/19/2019,1.3058,N/A,1.3025,1.311,1.3015
07/18/2019,1.3028,N/A,1.3025,1.3051,1.3015
07/17/2019,1.3053,N/A,1.3047,1.3062,1.3045
07/16/2019,1.3081,N/A,1.3086,1.3094,1.3075
07/15/2019,1.3051,N/A,1.3047,1.3059,1.3042
07/14/2019,1.3034,N/A,1.3029,1.3042,1.3026
07/12/2019,1.3031,N/A,1.3072,1.308,1.3016
07/11/2019,1.3039,N/A,1.3072,1.308,1.3034
07/10/2019,1.3058,N/A,1.308,1.3084,1.3057
07/09/2019,1.3134,N/A,1.3125,1.3135,1.3124
07/08/2019,1.31,N/A,1.3092,1.3107,1.3086
07/07/2019,1.3074,N/A,1.3075,1.3081,1.3071
07/05/2019,1.3081,N/A,1.305,1.3136,1.3043
07/04/2019,1.306,N/A,1.305,1.306,1.3043
07/03/2019,1.3055,N/A,1.3053,1.3074,1.3053
07/02/2019,1.3108,N/A,1.3104,1.3114,1.3094
07/01/2019,1.3132,N/A,1.3134,1.3138,1.3124
06/30/2019,1.31,N/A,1.309,1.31,1.3075
06/28/2019,1.3092,N/A,1.3095,1.3105,1.3057
06/27/2019,1.3095,N/A,1.3095,1.3103,1.3084
06/26/2019,1.3118,N/A,1.3125,1.3128,1.3115
06/25/2019,1.3184,N/A,1.3167,1.3192,1.3164
06/24/2019,1.3175,N/A,1.3177,1.3197,1.3169
06/23/2019,1.3199,N/A,1.3221,1.3217,1.3195
06/21/2019,1.3222,N/A,1.3189,1.3229,1.316
06/20/2019,1.3169,N/A,1.3189,1.3198,1.316
06/19/2019,1.3253,N/A,1.3278,1.3287,1.3237
06/18/2019,1.3377,N/A,1.3376,1.3382,1.3363
06/17/2019,1.3405,N/A,1.3411,1.3414,1.34
06/16/2019,1.3412,N/A,1.3411,1.3416,1.3407
06/14/2019,1.3413,N/A,1.3324,1.3423,1.3321
06/13/2019,1.3335,N/A,1.3324,1.3341,1.3321
06/12/2019,1.333,N/A,1.3341,1.3344,1.3324
06/11/2019,1.3283,N/A,1.3279,1.3292,1.3276
06/10/2019,1.3268,N/A,1.3265,1.3278,1.3258
06/09/2019,1.3274,N/A,1.3265,1.3277,1.3242
06/07/2019,1.3264,N/A,1.3361,1.3369,1.326
06/06/2019,1.3352,N/A,1.3361,1.3369,1.3351
06/05/2019,1.342,N/A,1.3412,1.3431,1.3411
06/04/2019,1.3384,N/A,1.339,1.3401,1.338
06/03/2019,1.3438,N/A,1.3433,1.3453,1.3434
06/02/2019,1.35,N/A,1.3512,1.3528,1.35
05/31/2019,1.3514,N/A,1.3498,1.3565,1.3491
05/30/2019,1.3534,N/A,1.3498,1.3542,1.3491
05/29/2019,1.3516,N/A,1.3519,1.3521,1.3505
05/28/2019,1.3486,N/A,1.349,1.3495,1.3481
05/27/2019,1.3442,N/A,1.3441,1.3451,1.3431
05/26/2019,1.3439,N/A,1.3436,1.3442,1.3434
05/24/2019,1.3438,N/A,1.3472,1.3483,1.3428
05/23/2019,1.3476,N/A,1.3472,1.3483,1.3468
05/22/2019,1.3445,N/A,1.3429,1.345,1.3429
05/21/2019,1.3403,N/A,1.3405,1.341,1.3393
05/20/2019,1.3424,N/A,1.3426,1.3435,1.3417
05/19/2019,1.3432,N/A,1.3455,1.3457,1.343
05/17/2019,1.3458,N/A,1.3457,1.3514,1.3432
05/16/2019,1.3462,N/A,1.3457,1.3471,1.3454
05/15/2019,1.344,N/A,1.3437,1.3449,1.3432
05/14/2019,1.3462,N/A,1.3459,1.3475,1.3455
05/13/2019,1.3475,N/A,1.3475,1.3488,1.3461
05/12/2019,1.3438,N/A,1.3412,1.3444,1.3415
05/10/2019,1.3415,N/A,1.3477,1.3484,1.3378
05/09/2019,1.3445,N/A,1.3477,1.3484,1.3434
05/08/2019,1.3489,N/A,1.3477,1.3489,1.3468
05/07/2019,1.3467,N/A,1.3472,1.3475,1.346
05/06/2019,1.342,N/A,1.3446,1.3467,1.3418
05/05/2019,1.3476,N/A,1.342,1.3486,1.3455
05/03/2019,1.342,N/A,1.342,1.3486,1.3404
03/18/2019,1.3363,N/A,1.3334,1.3368,1.3302
03/15/2019,1.3342,N/A,1.3333,1.3375,1.3288
03/14/2019,1.3327,N/A,1.3304,1.335,1.3285
03/13/2019,1.3318,N/A,1.3352,1.3373,1.3309
03/12/2019,1.3359,N/A,1.3352,1.3365,1.3348
03/11/2019,1.3394,N/A,1.3389,1.34,1.339
03/10/2019,1.3408,N/A,1.3413,1.3469,1.3389
03/08/2019,1.3408,N/A,1.3408,1.3469,1.3389
